Ticker,Name,EBIT,EnterpriseValue,EarningsYield,RoC,ROC_Rank,EY_Rank,MF_Score
ATLAS,ATLAS YAT. ORT.,167462123.0,10541445,15.886069035127536,0.459132025282429,14.0,1.0,15.0
BIZIM,BIZIM MAGAZALARI,4190573717.0,3492947456,1.1997242357029032,0.438657825762847,15.0,3.0,18.0
BANVT,BANVIT,7702687965.0,13642569728,0.5646068239762051,0.4344911942739985,16.0,7.0,23.0
DESPC,DESPEC BILGISAYAR,956889998.0,150335088,6.365047646095767,0.3540837480359788,33.0,2.0,35.0
TTKOM,TURK TELEKOM,73599915000.0,275392724992,0.267254390987046,0.5818436445501054,6.0,34.0,40.0
MAVI,MAVI GIYIM,8422396000.0,31237203968,0.2696270770145774,0.4887515538255139,10.0,33.0,43.0
MGROS,MIGROS TICARET,38626638000.0,112983359488,0.3418790003682139,0.3624775476382513,30.0,14.0,44.0
TCELL,TURKCELL,81325860000.0,283222474752,0.287144796934678,0.4166680585341805,20.0,24.0,44.0
HOROZ,HOROZ LOJISTIK,2107474816.0,7516441600,0.2803819850073737,0.4311990990976728,17.0,29.0,46.0
CRFSA,CARREFOURSA,8090223000.0,29715308544,0.2722577484942032,0.4165442597483987,21.0,31.0,52.0
VKGYO,VAKIF GMYO,5358248564.0,5952850944,0.9001146869636788,0.2806040475518007,49.0,5.0,54.0
BRISA,BRISA,11302327500.0,32992911360,0.3425683589021711,0.306667873303305,42.0,13.0,55.0
MACKO,MACKOLIK INTERNET HIZMETLERI,363702722.0,1856175488,0.1959419916658225,0.8243547680499728,3.0,53.0,56.0
BOBET,BOGAZICI BETON SANAYI,2556597175.0,7806064640,0.3275142204049184,0.3136389659328306,40.0,17.0,57.0
RYGYO,REYSAS GMYO,17803151008.0,63226671104,0.2815765988804951,0.3697653635743584,29.0,28.0,57.0
SNGYO,SINPAS GMYO,13175145710.0,31958335488,0.4122600726482492,0.2733500585704313,52.0,10.0,62.0
DAGI,DAGI GIYIM,963579292.0,3611231232,0.2668284665522077,0.3733213115811914,27.0,35.0,62.0
DERIM,DERIMOD,524983339.0,2021667584,0.2596783680733934,0.3913847216102013,26.0,39.0,65.0
ENJSA,ENERJISA ENERJI,38811510000.0,161634353152,0.240119190278207,0.405512235905281,22.0,44.0,66.0
MRGYO,MARTI GMYO,2652986044.0,2479217152,1.0700902266103716,0.2283231088501029,64.0,4.0,68.0
SUWEN,SUWEN TEKSTIL,1103406305.0,6480290304,0.1702711226253113,0.4921906927888287,8.0,63.0,71.0
AEFES,ANADOLU EFES,57868247000.0,276782284800,0.2090749667805329,0.39890391504654,23.0,51.0,74.0
AKENR,AKENERJI,6141263000.0,27832139776,0.2206536417762492,0.3624724888906438,31.0,49.0,80.0
INDES,INDEKS BILGISAYAR,4385245561.0,5756489728,0.7617916070743312,0.1980565302572259,77.0,6.0,83.0
DESA,DESA DERI,1112829287.0,4244890880,0.2621573365391197,0.2927621200208859,46.0,38.0,84.0
SRVGY,SERVET GMYO,6025452211.0,18807574528,0.3203736984814037,0.2243636399468077,67.0,18.0,85.0
VAKKO,VAKKO TEKSTIL,3222389012.0,12822668288,0.2513040920676119,0.2902861148067628,47.0,42.0,89.0
AKSGY,AKIS GMYO,6966589644.0,20573001728,0.3386277674063684,0.2056359940128874,74.0,15.0,89.0
TBORG,T.TUBORG,9238921000.0,48911167488,0.1888918517896082,0.3251121609597305,36.0,55.0,91.0
TTRAK,TURK TRAKTOR,9637800657.0,55525203968,0.1735752409402117,0.3214528261227254,37.0,62.0,99.0
IHEVA,IHLAS EV ALETLERI,300154590.0,855666240,0.3507846587473172,0.1780057791777811,90.0,12.0,102.0
LKMNH,LOKMAN HEKIM SAGLIK,963750178.0,5960630784,0.1616859377680253,0.3142955636604491,39.0,67.0,106.0
YATAS,YATAS,3013111164.0,11335504896,0.2658118179688006,0.2195073494787087,71.0,36.0,107.0
DEVA,DEVA HOLDING,4228424958.0,15527747584,0.2723141225168437,0.1874470697250073,83.0,30.0,113.0
ELITE,ELITE NATUREL ORGANIK GIDA,580581972.0,3674014208,0.1580238777345523,0.2976502753557661,44.0,71.0,115.0
SMART,SMARTIKS YAZILIM,136109280.0,1208227328,0.1126520455594263,1.23557524538272,1.0,115.0,116.0
EDIP,EDIP GAYRIMENKUL,941030964.0,3480253696,0.2703914847016945,0.1852870644707404,85.0,32.0,117.0
FROTO,FORD OTOSAN,79632482000.0,479760744448,0.1659837386062568,0.2611071248221265,53.0,65.0,118.0
USAK,USAK SERAMIK,1231893090.0,4371815936,0.2817806394491353,0.1771859579781066,91.0,27.0,118.0
LOGO,LOGO YAZILIM,1604558000.0,10867690496,0.1476448009437312,0.3256494081086917,35.0,84.0,119.0
KLGYO,KILER GMYO,3497468000.0,8831854592,0.3960060668535065,0.1551158793855785,109.0,11.0,120.0
SILVR,SILVERLINE ENDUSTRI,298554884.0,1023180480,0.2917910279132768,0.1618180569364291,100.0,22.0,122.0
MPARK,MLP SAGLIK,11556546000.0,93908533248,0.1230617240020211,0.419992134786829,18.0,104.0,122.0
CLEBI,CELEBI,5546108094.0,47239327744,0.1174044669741183,0.4618669738149762,13.0,109.0,122.0
PSGYO,PASIFIK GMYO,5123093783.0,21900253184,0.2339285185407288,0.1947448602502323,80.0,46.0,126.0
TABGD,TAB GIDA,7705487557.0,64544649216,0.1193822826616258,0.3921251827623214,25.0,108.0,133.0
OFSYM,OFIS YEM GIDA,1592185068.0,11198563328,0.1421776188039252,0.2971316888365015,45.0,88.0,133.0
CASA,CASA EMTIA PETROL,53136945.0,487029920,0.1091040669534225,0.491122850778438,9.0,124.0,133.0
SOKM,SOK MARKETLER TICARET,9838574655.0,37175128064,0.2646547615938833,0.171425560841762,96.0,37.0,133.0
KUTPO,KUTAHYA PORSELEN,774186765.0,3999488768,0.1935714312274823,0.1947977658758988,79.0,54.0,133.0
GSRAY,GALATASARAY SPORTIF,2753132290.0,17294094336,0.1591949388334827,0.2279423415482789,65.0,70.0,135.0
OYAKC,OYAK CIMENTO,13802177564.0,102604726272,0.1345179512239145,0.2821330098147731,48.0,91.0,139.0
TUREX,TUREKS TURIZM TASIMACILIK,1136622000.0,7384476160,0.1539204644138224,0.2251236809445583,66.0,74.0,140.0
ISGYO,IS GMYO,6353584524.0,21693902848,0.29287420380357,0.1442911484125047,123.0,21.0,144.0
SISE,SISE CAM,62522931000.0,270406270976,0.2312184949495836,0.1707647661089585,97.0,47.0,144.0
GWIND,GALATA WIND ENERJI,1875175396.0,14040287232,0.1335567688192434,0.2525733621162325,55.0,92.0,147.0
HLGYO,HALK GMYO,6771593003.0,29893079040,0.2265271166593081,0.1620540058351106,99.0,48.0,147.0
MNDTR,MONDI TURKEY,1025757632.0,6702263296,0.1530464541153114,0.2209710110045211,70.0,77.0,147.0
KRSTL,KRISTAL KOLA,311302789.0,2028643968,0.1534536340089815,0.2154168558273939,72.0,76.0,148.0
KLKIM,KALEKIM KIMYEVI MADDELER,1874997142.0,15342363648,0.122210448469224,0.3022310932217799,43.0,105.0,148.0
KUVVA,KUVVA GIDA,499666548.0,3802092032,0.1314188462021952,0.2572025212982681,54.0,95.0,149.0
AYEN,AYEN ENERJI,2642694582.0,14983875584,0.1763692288543764,0.1719767632991349,94.0,58.0,152.0
GOODY,GOOD-YEAR,1648985169.0,5256382976,0.313711001753309,0.133342379699201,135.0,19.0,154.0
ANELE,ANEL ELEKTRIK,1387586098.0,5885356544,0.2357692499385811,0.1544837614633159,110.0,45.0,155.0
AFYON,AFYON CIMENTO,1054008253.0,4788172800,0.2201274467370935,0.1572279300973628,105.0,50.0,155.0
UNLU,UNLU YATIRIM HOLDING,527986524.0,2841475328,0.1858142208018496,0.1604446413242279,103.0,56.0,159.0
DYOBY,DYO BOYA,1560755179.0,9541122048,0.1635819320985589,0.1726579185798059,93.0,66.0,159.0
TUPRS,TUPRAS,80853021000.0,394296786944,0.2050562512229732,0.1527124113488231,111.0,52.0,163.0
PINSU,PINAR SU,496488343.0,3330010624,0.1490951228268514,0.1933884613309142,81.0,82.0,163.0
DOHOL,DOGAN HOLDING,12276609000.0,27715575808,0.442949808621923,0.1206499905124044,155.0,9.0,164.0
MTRKS,MATRIKS FINANSAL TEKNOLOJILER,150199218.0,1822419072,0.082417496780894,0.5539597440447763,7.0,157.0,164.0
NTGAZ,NATURELGAZ,1014945360.0,7922265088,0.1281130268586135,0.2228679192256864,68.0,98.0,166.0
BIMAS,BIM MAGAZALAR,48639012000.0,425693118464,0.114258393876558,0.252022815637125,56.0,113.0,169.0
ARCLK,ARCELIK,51065936000.0,211567738880,0.2413692005706234,0.1436495588639897,127.0,43.0,170.0
MIATK,MIA TEKNOLOJI,1690179643.0,18044510208,0.093667249679665,0.398060417294027,24.0,146.0,170.0
EGPRO,EGE PROFIL,2034936230.0,13832335360,0.1471144370808546,0.186214149277864,84.0,86.0,170.0
OSTIM,OSTIM ENDUSTRIYEL YAT,354791996.0,1968490112,0.1802355997813617,0.1500207861279053,114.0,57.0,171.0
MNDRS,MENDERES TEKSTIL,1820112752.0,6411975680,0.2838614559436382,0.1266220891223378,146.0,26.0,172.0
MEGAP,MEGA POLIETILEN,466288472.0,1634386688,0.2852987456540027,0.1262082093108307,148.0,25.0,173.0
DGATE,DATAGATE BILGISAYAR,404281563.0,1345260160,0.3005229583250276,0.1192572046820948,157.0,20.0,177.0
VESBE,VESTEL BEYAZ ESYA,8133371000.0,32061689856,0.2536787997304492,0.1280250862945424,143.0,40.0,183.0
ULUUN,ULUSOY UN SANAYI,2962130972.0,8748588032,0.338583890470704,0.1113954990427005,167.0,16.0,183.0
DARDL,DARDANEL,1537870828.0,8820587520,0.1743501580266617,0.1442627335687592,124.0,60.0,184.0
PCILT,PC ILETISIM MEDYA,418729169.0,2812321536,0.1488909300163322,0.1607565236751116,102.0,83.0,185.0
KFEIN,KAFEIN YAZILIM,192888894.0,1540567424,0.1252063953807191,0.1826559572952336,87.0,100.0,187.0
DZGYO,DENIZ GMYO,495477071.0,1091524608,0.453931196208084,0.1039093876865674,181.0,8.0,189.0
GRSEL,GUR-SEL TURIZM TASIMACILIK,2751889371.0,34122567680,0.0806471950413316,0.3548873355816399,32.0,158.0,190.0
OTKAR,OTOKAR,7966284000.0,71616299008,0.1112356280671543,0.1979449445431014,78.0,117.0,195.0
SANEL,SANEL MUHENDISLIK,72955610.0,730459392,0.0998763391901188,0.2401017739978005,59.0,137.0,196.0
FONET,FONET BILGI TEKNOLOJILERI,223355116.0,3952516864,0.056509592162489,0.906406363056614,2.0,194.0,196.0
ETILR,ETILER GIDA,129931402.0,1270279552,0.1022856754605146,0.2303147720726763,63.0,134.0,197.0
IHGZT,IHLAS GAZETECILIK,298276541.0,1038384064,0.2872506920522232,0.1051565223312685,175.0,23.0,198.0
KATMR,KATMERCILER EKIPMAN,1112846905.0,7537381376,0.1476437040247756,0.1453289959706276,120.0,85.0,205.0
AKCNS,AKCANSA,4840784000.0,39102418944,0.1237975585841035,0.1595699955466084,104.0,102.0,206.0
SEKUR,SEKURO PLASTIK,171259203.0,1356285056,0.1262708029129829,0.1557316573015363,107.0,99.0,206.0
CMBTN,CIMBETON,346391231.0,3148067072,0.1100329894750095,0.171819892281974,95.0,122.0,217.0
SELVA,SELVA GIDA,321981000.0,1892738048,0.1701138730424042,0.120717916570749,154.0,64.0,218.0
GOLTS,GOLTAS CIMENTO,1288658424.0,8380988928,0.1537597096322044,0.1268146650812008,145.0,75.0,220.0
ARSAN,ARSAN HOLDING,857089939.0,4887639040,0.1753586817655012,0.1166135932463391,161.0,59.0,220.0
CIMSA,CIMSA,7928138000.0,75846778880,0.1045283414414131,0.1788429415001115,89.0,131.0,220.0
DERHL,DERLUKS YATIRIM HOLDING,654157636.0,5363301376,0.1219692107788797,0.1477267204560924,117.0,106.0,223.0
TATGD,TAT GIDA,977669102.0,7532615680,0.129791448752102,0.143968454848755,126.0,97.0,223.0
BOSSA,BOSSA,1331972246.0,10113172480,0.1317066675797464,0.1369015646767511,132.0,94.0,226.0
EMNIS,EMINIS AMBALAJ,34390903.0,935807680,0.0367499687542636,0.7967142366014671,4.0,222.0,226.0
HTTBT,HITIT BILGISAYAR,488124617.0,12119127040,0.0402772093558316,0.4660891060671195,12.0,215.0,227.0
KARSN,KARSAN OTOMOTIV,1836741000.0,18317207552,0.1002740726055403,0.173168993495489,92.0,136.0,228.0
DGNMO,DOGANLAR MOBILYA,1040721060.0,6847132160,0.1519937158624962,0.124626529126554,151.0,78.0,229.0
BIOEN,BIOTREND CEVRE VE ENERJI,1049999753.0,12641604608,0.0830590566276315,0.1984362550785599,76.0,156.0,232.0
SASA,SASA POLYESTER,25395839000.0,229752438784,0.110535666713317,0.1495096231652465,115.0,118.0,233.0
MAKTK,MAKINA TAKIM,290828682.0,2876594688,0.1011017239283729,0.1680307822094092,98.0,135.0,233.0
PAGYO,PANORA GMYO,1221253686.0,7597419520,0.1607458536132015,0.1116171288038265,165.0,68.0,233.0
SANFM,SANIFOAM ENDUSTRI,164377483.0,1437704832,0.1143332618360428,0.1450983524096379,122.0,112.0,234.0
MERCN,MERCAN KIMYA,407114779.0,3766479616,0.1080889372852509,0.1563958477474749,106.0,129.0,235.0
YEOTK,YEO TEKNOLOJI ENERJI,1475179749.0,19919306752,0.0740577856130401,0.2228669249346552,69.0,168.0,237.0
CMENT,CIMENTAS,2758227000.0,31803727872,0.0867265312764904,0.1836026627517298,86.0,153.0,239.0
OBASE,OBASE BILGISAYAR,102860243.0,1651682304,0.0622760459144569,0.2511716411467912,57.0,186.0,243.0
FMIZP,F-M IZMIT PISTON,159277814.0,3767869696,0.0422726439210704,0.3294335120251997,34.0,211.0,245.0
OSMEN,OSMANLI MENKUL,311993728.0,1234257024,0.2527785719937697,0.0855146075739873,207.0,41.0,248.0
PRKME,PARK ELEK.MADENCILIK,419575646.0,2793528320,0.150195594222578,0.1107536074606444,168.0,81.0,249.0
CWENE,CW ENERJI,3670542702.0,37020454912,0.0991490437036799,0.1466190447792034,118.0,138.0,256.0
HKTM,HIDROPAR HAREKET KONTROL,155808866.0,1434635008,0.1086052306901463,0.1421880746987608,130.0,126.0,256.0
KMPUR,KIMTEKS POLIURETAN,1246050732.0,11290420224,0.1103635389364228,0.1326857884051218,137.0,120.0,257.0
PETUN,PINAR ET VE UN,966096661.0,6270298112,0.1540750764546743,0.1024513715379056,184.0,73.0,257.0
IMASM,IMAS MAKINA,422112000.0,3822554112,0.1104266905404634,0.1293958388511226,139.0,119.0,258.0
OYAYO,OYAK YAT. ORT.,44998876.0,1055275776,0.0426418165027603,0.2744777687552309,51.0,209.0,260.0
BVSAN,BULBULOGLU VINC,458702122.0,4815313920,0.0952590276814185,0.1455803417873877,119.0,142.0,261.0
TOASO,TOFAS OTO. FAB.,12518704000.0,178530385920,0.0701208588974297,0.1802428932278715,88.0,174.0,262.0
TRGYO,TORUNLAR GMYO,10303062000.0,67904704512,0.1517282502595863,0.1016468084810832,186.0,80.0,266.0
KRVGD,KERVAN GIDA,1340550000.0,12000607232,0.1117068473356398,0.1211466981639346,153.0,116.0,269.0
PLTUR,PLATFORM TURIZM,815203788.0,6579864576,0.1238937030669976,0.1099155687643612,170.0,101.0,271.0
PRKAB,TURK PRYSMIAN KABLO,836693147.0,11015021568,0.0759592835869425,0.1553197619970591,108.0,164.0,272.0
ONCSM,ONCOSEM ONKOLOJIK SISTEMLER,170529741.0,5455399936,0.031258888990829,0.3080404327191951,41.0,232.0,273.0
GLBMD,GLOBAL MEN. DEG.,202712147.0,1270934272,0.1594985291261388,0.0860205824276227,206.0,69.0,275.0
RUBNS,RUBENIS TEKSTIL,398392751.0,3235025664,0.1231497961309527,0.1090405169094946,173.0,103.0,276.0
AKSEN,AKSA ENERJI,9751994392.0,128540860416,0.0758668827985076,0.150899138952865,112.0,165.0,277.0
KUYAS,KUYAS YATIRIM,272513428.0,28004233216,0.0097311512119639,0.4669464269598696,11.0,269.0,280.0
EGGUB,EGE GUBRE,826741604.0,9216454656,0.0897027799579942,0.1413349312014605,131.0,150.0,281.0
BUCIM,BURSA CIMENTO,1813027627.0,15765877760,0.1149969354449694,0.1048702817723443,177.0,111.0,288.0
BFREN,BOSCH FREN SISTEMLERI,260015583.0,17741254656,0.0146559861769451,0.3705245072972402,28.0,262.0,290.0
GEREL,GERSAN ELEKTRIK,385093976.0,10235170816,0.0376245773444256,0.2057189450400591,73.0,220.0,293.0
TAVHL,TAV HAVALIMANLARI,505523000.0,179021692928,0.0028238086219155,0.787696291841053,5.0,290.0,295.0
GOKNR,GOKNUR GIDA,1126012627.0,9308388352,0.1209675170845299,0.1000027417318128,189.0,107.0,296.0
NATEN,NATUREL ENERJI,1735995113.0,18091534336,0.0959562124891517,0.120204698994471,156.0,141.0,297.0
YAPRK,YAPRAK SUT VE BESI CIFT.,120621601.0,3316672512,0.0363682578136915,0.2010586472372027,75.0,224.0,299.0
TURGG,TURKER PROJE GAYRIMENKUL,232519655.0,3627263488,0.0641033263145177,0.1452811958394138,121.0,181.0,302.0
TEZOL,EUROPAP TEZOL KAGIT,654597744.0,6977100800,0.0938208810169404,0.1191845350495333,158.0,145.0,303.0
ESEN,ESENBOGA ELEKTRIK,1513488603.0,14651350016,0.1033002830010337,0.1095465454583199,172.0,132.0,304.0
GLCVY,GELECEK VARLIK YONETIMI,284834000.0,12919294976,0.0220471783119072,0.2381923625309935,60.0,245.0,305.0
ZRGYO,ZIRAAT GMYO,7814767229.0,111131549696,0.0703199698949332,0.1339716509698977,133.0,173.0,306.0
ESCAR,ESCAR FILO,983876734.0,13100572672,0.0751018110912701,0.1291924152687508,140.0,166.0,306.0
GOZDE,GOZDE GIRISIM,1496864307.0,9565310976,0.1564888283042477,0.0615828646125772,236.0,72.0,308.0
TKFEN,TEKFEN HOLDING,4469557000.0,32205291520,0.138783311345725,0.0782509169132748,219.0,89.0,308.0
ARENA,ARENA BILGISAYAR,837990337.0,6120116224,0.1369239253519117,0.0784977370603917,218.0,90.0,308.0
ASTOR,ASTOR ENERJI,5414816598.0,158741250048,0.0341109610536812,0.1907136971863731,82.0,227.0,309.0
EUREN,EUROPEN ENDUSTRI,993490801.0,10900902912,0.0911383955090857,0.11664027907261,160.0,149.0,309.0
MSGYO,MISTRAL GMYO,346302007.0,2658592768,0.1302576352302783,0.0804457611825927,214.0,96.0,310.0
SARKY,SARKUYSAN,2661555748.0,41614934016,0.0639567455994689,0.1433800749427046,129.0,182.0,311.0
POLTK,POLITEKNIK METAL,32343501.0,20583878656,0.0015713025489767,0.4175831208707852,19.0,293.0,312.0
HEKTS,HEKTAS,2486918932.0,33821784064,0.0735300931285609,0.1276718859566837,144.0,169.0,313.0
KERVN,KERVANSARAY YAT. HOLDING,379063843.0,7567051264,0.0500939969580203,0.1500752692732248,113.0,200.0,313.0
KAYSE,KAYSERI SEKER FABRIKASI,3120760574.0,21458962432,0.1454292388967634,0.0677335437641504,227.0,87.0,314.0
ZEDUR,ZEDUR ENERJI,193171782.0,1782086784,0.1083963944597661,0.1015828814938174,187.0,128.0,315.0
OZKGY,OZAK GMYO,2577074182.0,14838113280,0.173679371047368,0.0501797375584559,257.0,61.0,318.0
ERCB,ERCIYAS CELIK BORU,1046641317.0,9647176704,0.1084919815520775,0.0982291831097288,192.0,127.0,319.0
THYAO,TURK HAVA YOLLARI,6647000000.0,406329950208,0.0163586267677226,0.2309509746012994,62.0,258.0,320.0
CEOEM,CEO EVENT MEDYA,49436581.0,505826944,0.0977341788261876,0.1027972447177156,183.0,140.0,323.0
TLMAN,TRABZON LIMAN,135099218.0,1477285632,0.0914509794677269,0.1051176393327902,176.0,148.0,324.0
KSTUR,KUSTUR KUSADASI TURIZM,154849511.0,12338265088,0.0125503472243114,0.2319473788838861,61.0,263.0,324.0
ODINE,ODINE TEKNOLOJI,540972956.0,70091292672,0.0077181192609978,0.2748292376834946,50.0,275.0,325.0
GSDHO,GSD HOLDING,694235000.0,4568168448,0.1519722855894126,0.0543386377234213,249.0,79.0,328.0
PETKM,PETKIM,9330534000.0,88746041344,0.1051374670767872,0.0947776886464777,198.0,130.0,328.0
TUCLK,TUGCELIK,318084196.0,2920038144,0.1089315208616672,0.0906362903815264,204.0,125.0,329.0
DOCO,DO-CO,287380000.0,108231237632,0.0026552408185253,0.3145887839213582,38.0,291.0,329.0
AKSA,AKSA,5194492000.0,59801141248,0.0868627569908413,0.1037702717420879,182.0,152.0,334.0
DAPGM,DAP GAYRIMENKUL,1895604879.0,30309681152,0.0625412345809159,0.1248188453468735,149.0,185.0,334.0
MOGAN,MOGAN ENERJI,4241878622.0,66936836096,0.0633713642502664,0.1212722681408818,152.0,183.0,335.0
TMSN,TUMOSAN MOTOR VE TRAKTOR,1217357904.0,15556292608,0.0782550145253734,0.1078465789233743,174.0,162.0,336.0
LUKSK,LUKS KADIFE,166731772.0,2756289024,0.0604913964204067,0.1247856882094702,150.0,188.0,338.0
KCHOL,KOC HOLDING,238946000000.0,1807325200384,0.1322097428560346,0.0553325030810264,248.0,93.0,341.0
MRSHL,MARSHALL,399946013.0,15611002880,0.0256194951774936,0.1611258559581184,101.0,240.0,341.0
MOBTL,MOBILTEL ILETISIM,881507101.0,11396901888,0.0773462042283749,0.1046945631428016,178.0,163.0,341.0
PGSUS,PEGASUS,857014726.965071,241760632832,0.0035448894922467,0.2453554326065376,58.0,286.0,344.0
MAKIM,MAKIM MAKINE,122143022.0,1815765888,0.0672680452954957,0.1116115781590215,166.0,179.0,345.0
MARBL,TUREKS TURUNC MADENCILIK,289730172.0,3464749056,0.0836222673899763,0.0985730069915986,191.0,155.0,346.0
GENIL,GEN ILAC,1513003909.0,39352344576,0.038447617932344,0.1435678582565716,128.0,218.0,346.0
DURDO,DURAN DOGAN BASIM,205474482.0,2225951744,0.0923085967851062,0.0931819320217755,201.0,147.0,348.0
PENTA,PENTA TEKNOLOJI URUNLERI DAGITI,658763123.0,6003212288,0.1097351037071971,0.0691468721008468,226.0,123.0,349.0
GZNMI,GEZINOMI SEYAHAT,307178145.0,5193863680,0.0591425119960021,0.1182417876132819,159.0,190.0,349.0
NUGYO,NUROL GMYO,351939597.0,3090545152,0.113876219142842,0.0618765475769677,235.0,114.0,349.0
FADE,FADE GIDA,140647320.0,1275244288,0.1102904920441408,0.0660689137257808,230.0,121.0,351.0
YUNSA,YUNSA,335958216.0,3865566208,0.0869104803598283,0.0861319160770701,205.0,151.0,356.0
HATEK,HATAY TEKSTIL,194393826.0,1890643072,0.1028188920896434,0.0723954043217364,223.0,133.0,356.0
BERA,BERA HOLDING,1717098185.0,14898406400,0.1152538156698423,0.0565402468277769,246.0,110.0,356.0
SAFKR,SAFKAR EGE SOGUTMACILIK,153405071.0,4944537600,0.0310251601686677,0.1442381673131107,125.0,233.0,358.0
MEDTR,MEDITERA TIBBI MALZEME,250941266.0,3124927488,0.080303068459552,0.0934752244122767,199.0,159.0,358.0
GIPTA,GIPTA OFIS KIRTASIYE,291835416.0,5388984320,0.0541540666423761,0.1118190181071203,164.0,196.0,360.0
YIGIT,YIGIT AKU,579432936.0,5887173120,0.0984229483640528,0.0774432471406981,221.0,139.0,360.0
KOPOL,KOZA POLYESTER,616391312.0,10826985472,0.0569310186657281,0.1099378433046935,169.0,192.0,361.0
ORCAY,ORCAY ORTAKOY CAY SANAYI,90180855.0,1293835136,0.0697004220172917,0.0974145975600294,194.0,176.0,370.0
VESTL,VESTEL,9415381000.0,99570647040,0.094559805323125,0.0665221396540303,229.0,143.0,372.0
KONYA,KONYA CIMENTO,573218240.0,20595191808,0.0278326244952639,0.1325044790954468,138.0,236.0,374.0
ENERY,ENERYA ENERJI,4933191054.0,93114925056,0.0529795953874541,0.1042592719944309,179.0,197.0,376.0
TUKAS,TUKAS,1174092063.0,15685609472,0.0748515424342192,0.0792876390896376,215.0,167.0,382.0
GESAN,GIRISIM ELEKTRIK SANAYI,2095501000.0,28622551040,0.0732115385896784,0.0808235271293267,213.0,170.0,383.0
GSDDE,GSD DENIZCILIK,152129000.0,1614752000,0.0942119904480688,0.0609886781530167,240.0,144.0,384.0
ALGYO,ALARKO GMYO,965903071.0,12291254272,0.0785845813311639,0.0695899242026599,225.0,160.0,385.0
SURGY,SUR TATIL EVLERI GMYO,618869415.0,10910160896,0.0567241327510482,0.0982049962672092,193.0,193.0,386.0
CRDFA,CREDITWEST FAKTORING,180708754.0,8406539776,0.0214962111421763,0.1288964898834327,141.0,246.0,387.0
KORDS,KORDSA TEKNIK TEKSTIL,2102694420.0,30052831232,0.0699665999442032,0.0790198874506508,216.0,175.0,391.0
IZFAS,IZMIR FIRCA,47998084.0,6248084480,0.0076820478586102,0.1480800012051725,116.0,276.0,392.0
KCAER,KOCAER CELIK,1493723781.0,24268206080,0.0615506468041332,0.0849400489475079,208.0,187.0,395.0
EUPWR,EUROPOWER ENERJI,1372737000.0,24542689280,0.0559326235335853,0.0915525430872923,203.0,195.0,398.0
KLMSN,KLIMASAN KLIMA,443699544.0,5646273024,0.0785827291939327,0.0613904040667044,238.0,161.0,399.0
PEKGY,PEKER GMYO,726567136.0,61470765056,0.011819718452147,0.1334221960699788,134.0,266.0,400.0
GENTS,GENTAS,351111451.0,6861012992,0.0511748704468857,0.0920083711994328,202.0,198.0,400.0
TRCAS,TURCAS HOLDING,765321736.0,10991295488,0.0696298026775422,0.0713881079230236,224.0,177.0,401.0
ALKLC,ALTINKILIC GIDA VE SUT,475328488.0,30825211904,0.01542012069472,0.1287066664063733,142.0,259.0,401.0
SODSN,SODAS SODYUM SANAYII,13033952.0,1082257152,0.0120433041037551,0.1262557609972936,147.0,264.0,411.0
CEMTS,CEMTAS,362616017.0,5022974464,0.0721914912366952,0.0610153121039511,239.0,172.0,411.0
ASELS,ASELSAN,37402295000.0,1533815291904,0.0243851363312271,0.1097700666878858,171.0,241.0,412.0
JANTS,JANTSA JANT SANAYI,542818888.0,12011385856,0.0451920281729062,0.0830160920983262,209.0,207.0,416.0
MANAS,MANAS ENERJI YONETIMI,79181820.0,4520372224,0.0175166592652702,0.1154237783261342,162.0,255.0,417.0
ORMA,ORMA ORMAN MAHSULLERI,456504491.0,6318688768,0.0722467125318618,0.0557203206519625,247.0,171.0,418.0
INTEM,INTEMA,148540632.0,5770296320,0.0257422883960316,0.1040875970749794,180.0,239.0,419.0
CANTE,CAN2 TERMIK,886340302.0,10279708672,0.0862223172154892,0.0352843982664096,267.0,154.0,421.0
VAKFN,VAKIF FIN. KIR.,1473223000.0,30947659776,0.0476036963913662,0.0780935733204882,220.0,204.0,424.0
DITAS,DITAS DOGAN,120406684.0,4554309632,0.0264379661747161,0.1003188144907315,188.0,238.0,426.0
AKSUE,AKSU ENERJI,50447287.0,1844237184,0.027354012508621,0.0995731003525657,190.0,237.0,427.0
PKENT,PETROKENT TURIZM,197270074.0,129900593152,0.0015186233504659,0.1332571107719221,136.0,294.0,430.0
LRSHO,LORAS HOLDING,1206436000.0,20229744640,0.0596367389440265,0.0577682774951246,244.0,189.0,433.0
SAYAS,SAY YENILENEBILIR ENERJI,103867168.0,2834915840,0.0366385366840378,0.0825997328211082,211.0,223.0,434.0
KNFRT,KONFRUT TARIM,156339155.0,3243877376,0.0481951494704095,0.0641215064540423,233.0,202.0,435.0
AVGYO,AVRASYA GMYO,82565692.0,1277905280,0.0646101814369215,0.0503465421043794,255.0,180.0,435.0
CUSAN,CUHADAROGLU METAL,172512685.0,3774132992,0.045709222585869,0.0647255898336921,232.0,205.0,437.0
BRYAT,BORUSAN YAT. PAZ.,2131550051.0,60867117056,0.0350197307527953,0.0816958912093096,212.0,226.0,438.0
GEDIK,GEDIK Y. MEN. DEG.,805667208.0,14002240512,0.0575384494581091,0.0530470745748306,250.0,191.0,441.0
EREGL,EREGLI DEMIR CELIK,15469757000.0,222310612992,0.0695862279888396,0.0383753067756443,265.0,178.0,443.0
TERA,TERA YATIRIM MENKUL DEGERLER,895824355.0,154350059520,0.0058038484584058,0.1136375587887222,163.0,282.0,445.0
SONME,SONMEZ FILAMENT,294916506.0,10345766912,0.028506007191978,0.0828601233130187,210.0,235.0,445.0
ECILC,ECZACIBASI ILAC,3042077000.0,76403736576,0.0398158144657493,0.0651881460778376,231.0,217.0,448.0
AKYHO,AKDENIZ YATIRIM HOLDING,29926230.0,735006912,0.0407155762910703,0.0640742224813119,234.0,214.0,448.0
ALARK,ALARKO HOLDING,3578492000.0,56773177344,0.0630313850203803,0.0435030084126873,264.0,184.0,448.0
KRONT,KRON TEKNOLOJI,23105772.0,1266484608,0.0182440211701333,0.093325736011919,200.0,252.0,452.0
BTCIM,BATI CIMENTO,1697881000.0,40720777216,0.0416956923732995,0.0600106344317934,242.0,212.0,454.0
INGRM,INGRAM BILISIM,594267089.0,14268980224,0.0416474814367224,0.0576846914916852,245.0,213.0,458.0
ATAGY,ATA GMYO,27858167.0,565737280,0.0492422330732738,0.04934304971001,259.0,201.0,460.0
ZOREN,ZORLU ENERJI,3303948000.0,65863307264,0.0501637123498335,0.048375751267182,261.0,199.0,460.0
KLRHO,KILER HOLDING,3899310000.0,376258232320,0.0103633878678399,0.0953338744202827,197.0,268.0,465.0
MARTI,MARTI OTEL,616423216.0,13664369664,0.0451117198346896,0.0499471617904803,258.0,208.0,466.0
MAGEN,MARGUN ENERJI,1323162673.0,141941702656,0.0093218740387152,0.0973167728140563,195.0,272.0,467.0
BAKAB,BAK AMBALAJ,158938153.0,3487603968,0.0455723053587258,0.0437474772431911,263.0,206.0,469.0
KRGYO,KORFEZ GMYO,70680245.0,1862543488,0.0379482387688549,0.0509627672648631,251.0,219.0,470.0
PASEU,PASIFIK EURASIA LOJISTIK,288610055.0,81850105856,0.0035260804122569,0.1022080206516527,185.0,287.0,472.0
GUBRF,GUBRE FABRIK.,3182893690.0,171794694144,0.0185273107872124,0.07539782528414,222.0,251.0,473.0
HUNER,HUN YENILENEBILIR ENERJI,209638460.0,5940710400,0.0352884496776681,0.0506572357408086,253.0,225.0,478.0
IHAAS,IHLAS HABER AJANSI,42834414.0,12987276288,0.0032981830100571,0.0971672182370212,196.0,288.0,484.0
AHGAZ,AHLATCI DOGALGAZ,3947025869.0,125288775680,0.031503427562267,0.0503374742512429,256.0,231.0,487.0
KRDMA,KARDEMIR (A),1658368647.0,38940610560,0.042587124935927,0.0220740489042684,277.0,210.0,487.0
BAYRK,BAYRAK TABAN SANAYI,29217559.0,1394837120,0.0209469324991867,0.0596302531751451,243.0,248.0,491.0
IZMDC,IZMIR DEMIR CELIK,1427869982.0,37958619136,0.037616489074172,0.0347610785423759,270.0,221.0,491.0
SUMAS,SUMAS SUNI TAHTA,29565354.0,1533832320,0.019275479864709,0.0601974626608049,241.0,250.0,491.0
KRDMD,KARDEMIR (D),1658368647.0,41517010944,0.0399443170231325,0.0220740489042684,277.0,216.0,493.0
PSDTC,PERGAMON DIS TICARET,29631469.0,617388672,0.0479948375210875,0.0089588741056348,291.0,203.0,494.0
KONTR,KONTROLMATIK TEKNOLOJI,887418579.0,26158374912,0.0339248360032068,0.0376217713246062,266.0,228.0,494.0
KRDMB,KARDEMIR (B),1658368647.0,49497010176,0.0335044205923392,0.0220740489042684,277.0,229.0,506.0
ALCAR,ALARKO CARRIER,214984399.0,10101337088,0.0212827665414109,0.0484731917117836,260.0,247.0,507.0
KAPLM,KAPLAMIN,75585078.0,7902296576,0.0095649508055112,0.0615545343024909,237.0,271.0,508.0
KAREL,KAREL ELEKTRONIK,306617241.0,13607755776,0.022532535566282,0.0351129110205869,268.0,244.0,512.0
ENKAI,ENKA INSAAT,747537602.789633,542106058752,0.0013789508357655,0.0785458991174648,217.0,295.0,512.0
EKGYO,EMLAK KONUT GMYO,3514803000.0,109311213568,0.0321540936677417,0.0172521831996323,283.0,230.0,513.0
BSOKE,BATISOKE CIMENTO,751722000.0,50799378432,0.0147978582258886,0.0508583800310824,252.0,261.0,513.0
PNLSN,PANELSAN CATI CEPHE,87268155.0,3743618816,0.0233111754399302,0.0271079826348835,272.0,243.0,515.0
KRTEK,KARSU TEKSTIL,49382795.0,1607347840,0.0307231538631986,0.0196939739476081,281.0,234.0,515.0
NETAS,NETAS TELEKOM.,148599816.0,6253128192,0.0237640763850184,0.0231674704000358,275.0,242.0,517.0
OBAMS,OBA MAKARNACILIK,379467869.0,18756734976,0.0202310193903973,0.0319044071011177,271.0,249.0,520.0
BRSAN,BORUSAN BORU SANAYI,3255651000.0,29415786414080,0.0001106770002396,0.0665893198711947,228.0,297.0,525.0
ECZYT,ECZACIBASI YATIRIM,480570633.0,28714981376,0.0167358852407844,0.0234202205124451,274.0,256.0,530.0
ALKIM,ALKIM KIMYA,95908142.0,5342874624,0.0179506630324402,0.0204537457240779,280.0,253.0,533.0
VANGD,VANET GIDA,10034533.0,1508575872,0.006651659479809,0.0503560375177416,254.0,280.0,534.0
METRO,METRO HOLDING,52370746.0,3193116672,0.0164011376280835,0.0154366827340938,286.0,257.0,543.0
MERIT,MERIT TURIZM,100369547.0,5628968960,0.0178308936704458,0.0102408770657693,289.0,254.0,543.0
RTALB,RTA LABORATUVARLARI,30735575.0,2026600448,0.0151660753012919,0.0163145742808525,284.0,260.0,544.0
IEYHO,ISIKLAR ENERJI YAPI HOL.,168755734.0,47049601024,0.0035867622748579,0.0460483340061364,262.0,285.0,547.0
OZSUB,OZSU BALIK,34481410.0,3104654848,0.0111063585770935,0.0181120635732816,282.0,267.0,549.0
EMKEL,EMEK ELEKTRIK,30832794.0,3210207232,0.009604611718724,0.0209555375037999,279.0,270.0,549.0
POLHO,POLISAN HOLDING,485340486.0,65584615424,0.0074002185247608,0.026575383245354,273.0,278.0,551.0
ISYAT,IS YAT. ORT.,8206124.0,685143424,0.0119772352948979,0.0120240354169219,288.0,265.0,553.0
COSMO,COSMOS YAT. HOLDING,5746842.0,1330365184,0.004319747742286,0.0348432426290752,269.0,284.0,553.0
SEKFK,SEKER FIN. KIR.,36312000.0,4345745920,0.0083557577153521,0.0154579402013721,285.0,274.0,559.0
KONKA,KONYA KAGIT,41585103.0,5465516032,0.0076086325164035,0.0063109808950786,292.0,277.0,569.0
TEKTU,TEK-ART TURIZM,26830870.0,3002350592,0.0089366212165537,0.0052386483592426,296.0,273.0,569.0
ALFAS,ALFA SOLAR ENERJI,86720363.0,15746571264,0.0055072537091462,0.0132779435904995,287.0,283.0,570.0
PARSN,PARSAN,74260725.0,12198142976,0.0060878713379658,0.0053077063080178,295.0,281.0,576.0
ATEKS,AKIN TEKSTIL,21399671.0,3043380736,0.0070315457894782,0.0050706319861684,297.0,279.0,576.0
TDGYO,TREND GMYO,2717214.0,1183379584,0.0022961474380142,0.0093383688093462,290.0,292.0,582.0
MAALT,MARMARIS ALTINYUNUS,14429427.0,4958731264,0.0029099030037696,0.0055850869043783,294.0,289.0,583.0
FORTE,FORTE BILGI ILETISIM,5919694.0,7701690368,0.000768622694129,0.0057610244465564,293.0,296.0,589.0
SELEC,SELCUK ECZA DEPOSU,-38112440.0,45983367168,-0.000828830995798,-0.0004826143633262,298.0,298.0,596.0
ODAS,ODAS ELEKTRIK,-94446817.0,25655459840,-0.0036813535048296,-0.0029670268960937,299.0,300.0,599.0
SDTTR,SDT UZAY VE SAVUNMA,-50127498.0,14654176256,-0.0034206970848651,-0.0185429772592158,302.0,299.0,601.0
IZINV,IZ YATIRIM HOLDING,-4306998.0,1108830720,-0.0038842700894866,-0.0242002232669696,305.0,301.0,606.0
FLAP,FLAP KONGRE TOPLANTI HIZ.,-12776230.0,944116352,-0.0135324740143892,-0.0157226333062218,301.0,308.0,609.0
FZLGY,FUZUL GMYO,-98653022.0,17307105280,-0.0057001457149511,-0.0246387275666315,306.0,303.0,609.0
LIDER,LDR TURIZM,-247360959.0,61990776832,-0.0039902864852035,-0.0358154569345095,312.0,302.0,614.0
ERBOS,ERBOSAN,-76033385.0,4110534400,-0.0184972019696514,-0.0194410610813537,303.0,312.0,615.0
KLSER,KALESERAMIK,-464173474.0,49003073536,-0.0094723338865468,-0.0341317282742039,311.0,307.0,618.0
YAYLA,YAYLA EN. UR. TUR. VE INS,-18814974.0,1212945280,-0.0155118077544273,-0.0282606550916621,308.0,311.0,619.0
YKSLN,YUKSELEN CELIK,-39354119.0,1609316480,-0.0244539340080578,-0.0267815313550298,307.0,314.0,621.0
OZGYO,OZDERICI GMYO,-15086560.0,349701952,-0.0431411947051413,-0.0035241887470422,300.0,321.0,621.0
KGYO,KORAY GMYO,-109469985.0,8013604352,-0.0136605178133955,-0.0454856190449917,313.0,309.0,622.0
PENGD,PENGUEN GIDA,-106090016.0,2529281280,-0.0419447282668379,-0.0225913601215896,304.0,320.0,624.0
CEMAS,CEMAS DOKUM,-122641116.0,4249661184,-0.028859033859392,-0.0300661824273715,309.0,315.0,624.0
PAPIL,PAPILON SAVUNMA,-32276554.0,3566843392,-0.0090490527485429,-0.0898266074830174,319.0,306.0,625.0
VKFYO,VAKIF YAT. ORT.,-6353158.0,929574208,-0.0068344817931953,-0.1099207925588605,322.0,305.0,627.0
AVOD,A.V.O.D GIDA VE TARIM,-72763160.0,2342634752,-0.0310603946850353,-0.0337978293153453,310.0,317.0,627.0
TSPOR,TRABZONSPOR SPORTIF,-206795338.0,6992323072,-0.0295746257532192,-0.0508068382740383,314.0,316.0,630.0
SKYLP,SKYALP FINANSAL TEKNOLOJILER,-39138448.0,2665235712,-0.0146847979800744,-0.165095456481877,330.0,310.0,640.0
MEPET,METRO PETROL VE TESISLERI,-123065388.0,2253280512,-0.0546160974386486,-0.0591293358746687,316.0,324.0,640.0
HEDEF,HEDEF HOLDING,-1368220970.0,210720784384,-0.0064930518078685,-0.5000067281704302,337.0,304.0,641.0
AVHOL,AVRUPA YATIRIM HOLDING,-49397280.0,696561536,-0.0709158881836392,-0.0548700602484109,315.0,326.0,641.0
ULUSE,ULUSOY ELEKTRIK,-369167939.0,15849542656,-0.0232920246982803,-0.1327481603395134,329.0,313.0,642.0
IHLAS,IHLAS HOLDING,-1077061644.0,12827982848,-0.0839618868190117,-0.0746635839864533,317.0,328.0,645.0
KARTN,KARTONSAN,-349099830.0,6247419392,-0.0558790451057331,-0.091115144631091,320.0,325.0,645.0
EUYO,EURO YAT. ORT.,-10895341.0,297331712,-0.0366437233577022,-0.1326446731596931,328.0,318.0,646.0
ESCOM,ESCORT TEKNOLOJI,-217220386.0,4686160384,-0.0463535961640701,-0.1273376330688724,326.0,322.0,648.0
SEYKM,SEYITLER KIMYA,-53305354.0,708728128,-0.075212697075288,-0.1234278480810536,324.0,327.0,651.0
ETYAT,EURO TREND YAT. ORT.,-15637844.0,388190048,-0.0402839899697789,-0.2216817331323935,332.0,319.0,651.0
ASGYO,ASCE GMYO,-1329822875.0,6019393024,-0.220923084719314,-0.0894816305279606,318.0,334.0,652.0
PAMEL,PAMEL ELEKTRIK,-126555665.0,2443458304,-0.051793666702978,-0.1705819142657499,331.0,323.0,654.0
INVEO,INVEO YATIRIM HOLDING,-1120632883.0,8710552576,-0.1286523298289543,-0.1261909006455135,325.0,330.0,655.0
EGSER,EGE SERAMIK,-494707391.0,3207007232,-0.1542582710957853,-0.1175988155597632,323.0,332.0,655.0
IHYAY,IHLAS YAYIN HOLDING,-407309313.0,3531502848,-0.1153359718315594,-0.1286354455593671,327.0,329.0,656.0
YGYO,YESIL GMYO,-1566811936.0,3933580544,-0.3983169833372045,-0.1076396181877468,321.0,336.0,657.0
BAGFS,BAGFAS,-1539797440.0,10529946624,-0.1462303176818078,-0.2228575937809337,334.0,331.0,665.0
IHLGM,IHLAS GAYRIMENKUL,-307818472.0,1896777600,-0.1622849573930017,-0.2228322698315714,333.0,333.0,666.0
DENGE,DENGE HOLDING,-617197390.0,1692631040,-0.3646378776085779,-0.4186391718308681,336.0,335.0,671.0
HURGZ,HURRIYET GZT.,-1527701202.0,3246761984,-0.4705307039839974,-0.3893306549362577,335.0,337.0,672.0
